serie_id,serie,periodo,frecuencia,valor,unidad,base,fuente_url,fecha_extraccion,licencia
ipc_indice,"Índice de precios al consumidor, nacional urbano",2024-01,mensual,99.92380497246799,índice,2024=100,https://www.inec.gob.pa/archivos/A0705547520260914092740Anexo%204.xlsx,2026-10-07T04:36:56Z,"CC BY 4.0 - Instituto Nacional de Estadística y Censo (INEC), Contraloría General de la República de Panamá"
ipc_indice,"Índice de precios al consumidor, nacional urbano",2024-02,mensual,100.26358809435125,índice,2024=100,https://www.inec.gob.pa/archivos/A0705547520260914092740Anexo%204.xlsx,2026-10-07T04:36:56Z,"CC BY 4.0 - Instituto Nacional de Estadística y Censo (INEC), Contraloría General de la República de Panamá"
ipc_indice,"Índice de precios al consumidor, nacional urbano",2024-03,mensual,100.61107913333089,índice,2024=100,https://www.inec.gob.pa/archivos/A0705547520260914092740Anexo%204.xlsx,2026-10-07T04:36:56Z,"CC BY 4.0 - Instituto Nacional de Estadística y Censo (INEC), Contraloría General de la República de Panamá"
ipc_indice,"Índice de precios al consumidor, nacional urbano",2024-04,mensual,100.7638772545941,índice,2024=100,https://www.inec.gob.pa/archivos/A0705547520260914092740Anexo%204.xlsx,2026-10-07T04:36:56Z,"CC BY 4.0 - Instituto Nacional de Estadística y Censo (INEC), Contraloría General de la República de Panamá"
ipc_indice,"Índice de precios al consumidor, nacional urbano",2024-05,mensual,100.59140127439076,índice,2024=100,https://www.inec.gob.pa/archivos/A0705547520260914092740Anexo%204.xlsx,2026-10-07T04:36:56Z,"CC BY 4.0 - Instituto Nacional de Estadística y Censo (INEC), Contraloría General de la República de Panamá"
ipc_indice,"Índice de precios al consumidor, nacional urbano",2024-06,mensual,100.28108960022888,índice,2024=100,https://www.inec.gob.pa/archivos/A0705547520260914092740Anexo%204.xlsx,2026-10-07T04:36:56Z,"CC BY 4.0 - Instituto Nacional de Estadística y Censo (INEC), Contraloría General de la República de Panamá"
ipc_indice,"Índice de precios al consumidor, nacional urbano",2024-07,mensual,100.14978296545789,índice,2024=100,https://www.inec.gob.pa/archivos/A0705547520260914092740Anexo%204.xlsx,2026-10-07T04:36:56Z,"CC BY 4.0 - Instituto Nacional de Estadística y Censo (INEC), Contraloría General de la República de Panamá"
ipc_indice,"Índice de precios al consumidor, nacional urbano",2024-08,mensual,99.93069675716596,índice,2024=100,https://www.inec.gob.pa/archivos/A0705547520260914092740Anexo%204.xlsx,2026-10-07T04:36:56Z,"CC BY 4.0 - Instituto Nacional de Estadística y Censo (INEC), Contraloría General de la República de Panamá"
ipc_indice,"Índice de precios al consumidor, nacional urbano",2024-09,mensual,99.45271521581377,índice,2024=100,https://www.inec.gob.pa/archivos/A0705547520260914092740Anexo%204.xlsx,2026-10-07T04:36:56Z,"CC BY 4.0 - Instituto Nacional de Estadística y Censo (INEC), Contraloría General de la República de Panamá"
ipc_indice,"Índice de precios al consumidor, nacional urbano",2024-10,mensual,99.24904484171454,índice,2024=100,https://www.inec.gob.pa/archivos/A0705547520260914092740Anexo%204.xlsx,2026-10-07T04:36:56Z,"CC BY 4.0 - Instituto Nacional de Estadística y Censo (INEC), Contraloría General de la República de Panamá"
ipc_indice,"Índice de precios al consumidor, nacional urbano",2024-11,mensual,99.3013679965922,índice,2024=100,https://www.inec.gob.pa/archivos/A0705547520260914092740Anexo%204.xlsx,2026-10-07T04:36:56Z,"CC BY 4.0 - Instituto Nacional de Estadística y Censo (INEC), Contraloría General de la República de Panamá"
ipc_indice,"Índice de precios al consumidor, nacional urbano",2024-12,mensual,99.4815518938919,índice,2024=100,https://www.inec.gob.pa/archivos/A0705547520260914092740Anexo%204.xlsx,2026-10-07T04:36:56Z,"CC BY 4.0 - Instituto Nacional de Estadística y Censo (INEC), Contraloría General de la República de Panamá"
ipc_indice,"Índice de precios al consumidor, nacional urbano",2025-01,mensual,99.74,índice,2024=100,https://www.inec.gob.pa/archivos/A0705547520260914092740Anexo%204.xlsx,2026-10-07T04:36:56Z,"CC BY 4.0 - Instituto Nacional de Estadística y Censo (INEC), Contraloría General de la República de Panamá"
ipc_indice,"Índice de precios al consumidor, nacional urbano",2025-02,mensual,100.12,índice,2024=100,https://www.inec.gob.pa/archivos/A0705547520260914092740Anexo%204.xlsx,2026-10-07T04:36:56Z,"CC BY 4.0 - Instituto Nacional de Estadística y Censo (INEC), Contraloría General de la República de Panamá"
ipc_indice,"Índice de precios al consumidor, nacional urbano",2025-03,mensual,100.2,índice,2024=100,https://www.inec.gob.pa/archivos/A0705547520260914092740Anexo%204.xlsx,2026-10-07T04:36:56Z,"CC BY 4.0 - Instituto Nacional de Estadística y Censo (INEC), Contraloría General de la República de Panamá"
ipc_indice,"Índice de precios al consumidor, nacional urbano",2025-04,mensual,100.04,índice,2024=100,https://www.inec.gob.pa/archivos/A0705547520260914092740Anexo%204.xlsx,2026-10-07T04:36:56Z,"CC BY 4.0 - Instituto Nacional de Estadística y Censo (INEC), Contraloría General de la República de Panamá"
ipc_indice,"Índice de precios al consumidor, nacional urbano",2025-05,mensual,99.92,índice,2024=100,https://www.inec.gob.pa/archivos/A0705547520260914092740Anexo%204.xlsx,2026-10-07T04:36:56Z,"CC BY 4.0 - Instituto Nacional de Estadística y Censo (INEC), Contraloría General de la República de Panamá"
ipc_indice,"Índice de precios al consumidor, nacional urbano",2025-06,mensual,99.86,índice,2024=100,https://www.inec.gob.pa/archivos/A0705547520260914092740Anexo%204.xlsx,2026-10-07T04:36:56Z,"CC BY 4.0 - Instituto Nacional de Estadística y Censo (INEC), Contraloría General de la República de Panamá"
ipc_indice,"Índice de precios al consumidor, nacional urbano",2025-07,mensual,99.79,índice,2024=100,https://www.inec.gob.pa/archivos/A0705547520260914092740Anexo%204.xlsx,2026-10-07T04:36:56Z,"CC BY 4.0 - Instituto Nacional de Estadística y Censo (INEC), Contraloría General de la República de Panamá"
ipc_indice,"Índice de precios al consumidor, nacional urbano",2025-08,mensual,99.79064701,índice,2024=100,https://www.inec.gob.pa/archivos/A0705547520260914092740Anexo%204.xlsx,2026-10-07T04:36:56Z,"CC BY 4.0 - Instituto Nacional de Estadística y Censo (INEC), Contraloría General de la República de Panamá"
ipc_indice,"Índice de precios al consumidor, nacional urbano",2025-09,mensual,99.74919638,índice,2024=100,https://www.inec.gob.pa/archivos/A0705547520260914092740Anexo%204.xlsx,2026-10-07T04:36:56Z,"CC BY 4.0 - Instituto Nacional de Estadística y Censo (INEC), Contraloría General de la República de Panamá"
ipc_indice,"Índice de precios al consumidor, nacional urbano",2025-10,mensual,99.73058256,índice,2024=100,https://www.inec.gob.pa/archivos/A0705547520260914092740Anexo%204.xlsx,2026-10-07T04:36:56Z,"CC BY 4.0 - Instituto Nacional de Estadística y Censo (INEC), Contraloría General de la República de Panamá"
ipc_indice,"Índice de precios al consumidor, nacional urbano",2025-11,mensual,99.74999071,índice,2024=100,https://www.inec.gob.pa/archivos/A0705547520260914092740Anexo%204.xlsx,2026-10-07T04:36:56Z,"CC BY 4.0 - Instituto Nacional de Estadística y Censo (INEC), Contraloría General de la República de Panamá"
ipc_indice,"Índice de precios al consumidor, nacional urbano",2025-12,mensual,99.84981655,índice,2024=100,https://www.inec.gob.pa/archivos/A0705547520260914092740Anexo%204.xlsx,2026-10-07T04:36:56Z,"CC BY 4.0 - Instituto Nacional de Estadística y Censo (INEC), Contraloría General de la República de Panamá"
ipc_indice,"Índice de precios al consumidor, nacional urbano",2026-01,mensual,100.06960913,índice,2024=100,https://www.inec.gob.pa/archivos/A0705547520260914092740Anexo%204.xlsx,2026-10-07T04:36:56Z,"CC BY 4.0 - Instituto Nacional de Estadística y Censo (INEC), Contraloría General de la República de Panamá"
ipc_indice,"Índice de precios al consumidor, nacional urbano",2026-02,mensual,100.13716396,índice,2024=100,https://www.inec.gob.pa/archivos/A0705547520260914092740Anexo%204.xlsx,2026-10-07T04:36:56Z,"CC BY 4.0 - Instituto Nacional de Estadística y Censo (INEC), Contraloría General de la República de Panamá"
ipc_indice,"Índice de precios al consumidor, nacional urbano",2026-03,mensual,100.99051445,índice,2024=100,https://www.inec.gob.pa/archivos/A0705547520260914092740Anexo%204.xlsx,2026-10-07T04:36:56Z,"CC BY 4.0 - Instituto Nacional de Estadística y Censo (INEC), Contraloría General de la República de Panamá"
ipc_indice,"Índice de precios al consumidor, nacional urbano",2026-04,mensual,102.09501105,índice,2024=100,https://www.inec.gob.pa/archivos/A0705547520260914092740Anexo%204.xlsx,2026-10-07T04:36:56Z,"CC BY 4.0 - Instituto Nacional de Estadística y Censo (INEC), Contraloría General de la República de Panamá"
ipc_indice,"Índice de precios al consumidor, nacional urbano",2026-05,mensual,102.41799519,índice,2024=100,https://www.inec.gob.pa/archivos/A0705547520260914092740Anexo%204.xlsx,2026-10-07T04:36:56Z,"CC BY 4.0 - Instituto Nacional de Estadística y Censo (INEC), Contraloría General de la República de Panamá"
ipc_indice,"Índice de precios al consumidor, nacional urbano",2026-06,mensual,102.12008551,índice,2024=100,https://www.inec.gob.pa/archivos/A0705547520260914092740Anexo%204.xlsx,2026-10-07T04:36:56Z,"CC BY 4.0 - Instituto Nacional de Estadística y Censo (INEC), Contraloría General de la República de Panamá"
ipc_indice,"Índice de precios al consumidor, nacional urbano",2026-07,mensual,101.80213965,índice,2024=100,https://www.inec.gob.pa/archivos/A0705547520260914092740Anexo%204.xlsx,2026-10-07T04:36:56Z,"CC BY 4.0 - Instituto Nacional de Estadística y Censo (INEC), Contraloría General de la República de Panamá"
ipc_indice,"Índice de precios al consumidor, nacional urbano",2026-08,mensual,101.98833055,índice,2024=100,https://www.inec.gob.pa/archivos/A0705547520260914092740Anexo%204.xlsx,2026-10-07T04:36:56Z,"CC BY 4.0 - Instituto Nacional de Estadística y Censo (INEC), Contraloría General de la República de Panamá"
ipc_var_mensual,"Índice de precios al consumidor, nacional urbano, variación mensual",2024-01,mensual,0.2507355576864825,% mensual,2024=100,https://www.inec.gob.pa/archivos/A0705547520260914092740Anexo%204.xlsx,2026-10-07T04:36:56Z,"CC BY 4.0 - Instituto Nacional de Estadística y Censo (INEC), Contraloría General de la República de Panamá"
ipc_var_mensual,"Índice de precios al consumidor, nacional urbano, variación mensual",2024-02,mensual,0.3400422171442301,% mensual,2024=100,https://www.inec.gob.pa/archivos/A0705547520260914092740Anexo%204.xlsx,2026-10-07T04:36:56Z,"CC BY 4.0 - Instituto Nacional de Estadística y Censo (INEC), Contraloría General de la República de Panamá"
ipc_var_mensual,"Índice de precios al consumidor, nacional urbano, variación mensual",2024-03,mensual,0.34657750194679693,% mensual,2024=100,https://www.inec.gob.pa/archivos/A0705547520260914092740Anexo%204.xlsx,2026-10-07T04:36:56Z,"CC BY 4.0 - Instituto Nacional de Estadística y Censo (INEC), Contraloría General de la República de Panamá"
ipc_var_mensual,"Índice de precios al consumidor, nacional urbano, variación mensual",2024-04,mensual,0.1518700749255686,% mensual,2024=100,https://www.inec.gob.pa/archivos/A0705547520260914092740Anexo%204.xlsx,2026-10-07T04:36:56Z,"CC BY 4.0 - Instituto Nacional de Estadística y Censo (INEC), Contraloría General de la República de Panamá"
ipc_var_mensual,"Índice de precios al consumidor, nacional urbano, variación mensual",2024-05,mensual,-0.17116846324557855,% mensual,2024=100,https://www.inec.gob.pa/archivos/A0705547520260914092740Anexo%204.xlsx,2026-10-07T04:36:56Z,"CC BY 4.0 - Instituto Nacional de Estadística y Censo (INEC), Contraloría General de la República de Panamá"
ipc_var_mensual,"Índice de precios al consumidor, nacional urbano, variación mensual",2024-06,mensual,-0.30848727647746443,% mensual,2024=100,https://www.inec.gob.pa/archivos/A0705547520260914092740Anexo%204.xlsx,2026-10-07T04:36:56Z,"CC BY 4.0 - Instituto Nacional de Estadística y Censo (INEC), Contraloría General de la República de Panamá"
ipc_var_mensual,"Índice de precios al consumidor, nacional urbano, variación mensual",2024-07,mensual,-0.13093858003982461,% mensual,2024=100,https://www.inec.gob.pa/archivos/A0705547520260914092740Anexo%204.xlsx,2026-10-07T04:36:56Z,"CC BY 4.0 - Instituto Nacional de Estadística y Censo (INEC), Contraloría General de la República de Panamá"
ipc_var_mensual,"Índice de precios al consumidor, nacional urbano, variación mensual",2024-08,mensual,-0.2187585452556533,% mensual,2024=100,https://www.inec.gob.pa/archivos/A0705547520260914092740Anexo%204.xlsx,2026-10-07T04:36:56Z,"CC BY 4.0 - Instituto Nacional de Estadística y Censo (INEC), Contraloría General de la República de Panamá"
ipc_var_mensual,"Índice de precios al consumidor, nacional urbano, variación mensual",2024-09,mensual,-0.47831302779135854,% mensual,2024=100,https://www.inec.gob.pa/archivos/A0705547520260914092740Anexo%204.xlsx,2026-10-07T04:36:56Z,"CC BY 4.0 - Instituto Nacional de Estadística y Censo (INEC), Contraloría General de la República de Panamá"
ipc_var_mensual,"Índice de precios al consumidor, nacional urbano, variación mensual",2024-10,mensual,-0.20479116498455596,% mensual,2024=100,https://www.inec.gob.pa/archivos/A0705547520260914092740Anexo%204.xlsx,2026-10-07T04:36:56Z,"CC BY 4.0 - Instituto Nacional de Estadística y Censo (INEC), Contraloría General de la República de Panamá"
ipc_var_mensual,"Índice de precios al consumidor, nacional urbano, variación mensual",2024-11,mensual,0.05271905131290566,% mensual,2024=100,https://www.inec.gob.pa/archivos/A0705547520260914092740Anexo%204.xlsx,2026-10-07T04:36:56Z,"CC BY 4.0 - Instituto Nacional de Estadística y Censo (INEC), Contraloría General de la República de Panamá"
ipc_var_mensual,"Índice de precios al consumidor, nacional urbano, variación mensual",2024-12,mensual,0.1814515760808888,% mensual,2024=100,https://www.inec.gob.pa/archivos/A0705547520260914092740Anexo%204.xlsx,2026-10-07T04:36:56Z,"CC BY 4.0 - Instituto Nacional de Estadística y Censo (INEC), Contraloría General de la República de Panamá"
ipc_var_mensual,"Índice de precios al consumidor, nacional urbano, variación mensual",2025-01,mensual,0.25979500840895753,% mensual,2024=100,https://www.inec.gob.pa/archivos/A0705547520260914092740Anexo%204.xlsx,2026-10-07T04:36:56Z,"CC BY 4.0 - Instituto Nacional de Estadística y Censo (INEC), Contraloría General de la República de Panamá"
ipc_var_mensual,"Índice de precios al consumidor, nacional urbano, variación mensual",2025-02,mensual,0.38099057549629833,% mensual,2024=100,https://www.inec.gob.pa/archivos/A0705547520260914092740Anexo%204.xlsx,2026-10-07T04:36:56Z,"CC BY 4.0 - Instituto Nacional de Estadística y Censo (INEC), Contraloría General de la República de Panamá"
ipc_var_mensual,"Índice de precios al consumidor, nacional urbano, variación mensual",2025-03,mensual,0.07990411506193595,% mensual,2024=100,https://www.inec.gob.pa/archivos/A0705547520260914092740Anexo%204.xlsx,2026-10-07T04:36:56Z,"CC BY 4.0 - Instituto Nacional de Estadística y Censo (INEC), Contraloría General de la República de Panamá"
ipc_var_mensual,"Índice de precios al consumidor, nacional urbano, variación mensual",2025-04,mensual,-0.15968063872254845,% mensual,2024=100,https://www.inec.gob.pa/archivos/A0705547520260914092740Anexo%204.xlsx,2026-10-07T04:36:56Z,"CC BY 4.0 - Instituto Nacional de Estadística y Censo (INEC), Contraloría General de la República de Panamá"
ipc_var_mensual,"Índice de precios al consumidor, nacional urbano, variación mensual",2025-05,mensual,-0.11995201919232557,% mensual,2024=100,https://www.inec.gob.pa/archivos/A0705547520260914092740Anexo%204.xlsx,2026-10-07T04:36:56Z,"CC BY 4.0 - Instituto Nacional de Estadística y Censo (INEC), Contraloría General de la República de Panamá"
ipc_var_mensual,"Índice de precios al consumidor, nacional urbano, variación mensual",2025-06,mensual,-0.06004803843075024,% mensual,2024=100,https://www.inec.gob.pa/archivos/A0705547520260914092740Anexo%204.xlsx,2026-10-07T04:36:56Z,"CC BY 4.0 - Instituto Nacional de Estadística y Censo (INEC), Contraloría General de la República de Panamá"
ipc_var_mensual,"Índice de precios al consumidor, nacional urbano, variación mensual",2025-07,mensual,-0.0700981373923355,% mensual,2024=100,https://www.inec.gob.pa/archivos/A0705547520260914092740Anexo%204.xlsx,2026-10-07T04:36:56Z,"CC BY 4.0 - Instituto Nacional de Estadística y Censo (INEC), Contraloría General de la República de Panamá"
ipc_var_mensual,"Índice de precios al consumidor, nacional urbano, variación mensual",2025-08,mensual,0.000648371580311391,% mensual,2024=100,https://www.inec.gob.pa/archivos/A0705547520260914092740Anexo%204.xlsx,2026-10-07T04:36:56Z,"CC BY 4.0 - Instituto Nacional de Estadística y Censo (INEC), Contraloría General de la República de Panamá"
ipc_var_mensual,"Índice de precios al consumidor, nacional urbano, variación mensual",2025-09,mensual,-0.0415375901870334,% mensual,2024=100,https://www.inec.gob.pa/archivos/A0705547520260914092740Anexo%204.xlsx,2026-10-07T04:36:56Z,"CC BY 4.0 - Instituto Nacional de Estadística y Censo (INEC), Contraloría General de la República de Panamá"
ipc_var_mensual,"Índice de precios al consumidor, nacional urbano, variación mensual",2025-10,mensual,-0.018660621514271725,% mensual,2024=100,https://www.inec.gob.pa/archivos/A0705547520260914092740Anexo%204.xlsx,2026-10-07T04:36:56Z,"CC BY 4.0 - Instituto Nacional de Estadística y Censo (INEC), Contraloría General de la República de Panamá"
ipc_var_mensual,"Índice de precios al consumidor, nacional urbano, variación mensual",2025-11,mensual,0.019460580196977162,% mensual,2024=100,https://www.inec.gob.pa/archivos/A0705547520260914092740Anexo%204.xlsx,2026-10-07T04:36:56Z,"CC BY 4.0 - Instituto Nacional de Estadística y Censo (INEC), Contraloría General de la República de Panamá"
ipc_var_mensual,"Índice de precios al consumidor, nacional urbano, variación mensual",2025-12,mensual,0.10007603939554599,% mensual,2024=100,https://www.inec.gob.pa/archivos/A0705547520260914092740Anexo%204.xlsx,2026-10-07T04:36:56Z,"CC BY 4.0 - Instituto Nacional de Estadística y Censo (INEC), Contraloría General de la República de Panamá"
ipc_var_mensual,"Índice de precios al consumidor, nacional urbano, variación mensual",2026-01,mensual,0.22012316856880432,% mensual,2024=100,https://www.inec.gob.pa/archivos/A0705547520260914092740Anexo%204.xlsx,2026-10-07T04:36:56Z,"CC BY 4.0 - Instituto Nacional de Estadística y Censo (INEC), Contraloría General de la República de Panamá"
ipc_var_mensual,"Índice de precios al consumidor, nacional urbano, variación mensual",2026-02,mensual,0.0675078383810046,% mensual,2024=100,https://www.inec.gob.pa/archivos/A0705547520260914092740Anexo%204.xlsx,2026-10-07T04:36:56Z,"CC BY 4.0 - Instituto Nacional de Estadística y Censo (INEC), Contraloría General de la República de Panamá"
ipc_var_mensual,"Índice de precios al consumidor, nacional urbano, variación mensual",2026-03,mensual,0.8521816039656329,% mensual,2024=100,https://www.inec.gob.pa/archivos/A0705547520260914092740Anexo%204.xlsx,2026-10-07T04:36:56Z,"CC BY 4.0 - Instituto Nacional de Estadística y Censo (INEC), Contraloría General de la República de Panamá"
ipc_var_mensual,"Índice de precios al consumidor, nacional urbano, variación mensual",2026-04,mensual,1.0936637029874845,% mensual,2024=100,https://www.inec.gob.pa/archivos/A0705547520260914092740Anexo%204.xlsx,2026-10-07T04:36:56Z,"CC BY 4.0 - Instituto Nacional de Estadística y Censo (INEC), Contraloría General de la República de Panamá"
ipc_var_mensual,"Índice de precios al consumidor, nacional urbano, variación mensual",2026-05,mensual,0.3163564376733632,% mensual,2024=100,https://www.inec.gob.pa/archivos/A0705547520260914092740Anexo%204.xlsx,2026-10-07T04:36:56Z,"CC BY 4.0 - Instituto Nacional de Estadística y Censo (INEC), Contraloría General de la República de Panamá"
ipc_var_mensual,"Índice de precios al consumidor, nacional urbano, variación mensual",2026-06,mensual,-0.29087630493775407,% mensual,2024=100,https://www.inec.gob.pa/archivos/A0705547520260914092740Anexo%204.xlsx,2026-10-07T04:36:56Z,"CC BY 4.0 - Instituto Nacional de Estadística y Censo (INEC), Contraloría General de la República de Panamá"
ipc_var_mensual,"Índice de precios al consumidor, nacional urbano, variación mensual",2026-07,mensual,-0.3113450781128222,% mensual,2024=100,https://www.inec.gob.pa/archivos/A0705547520260914092740Anexo%204.xlsx,2026-10-07T04:36:56Z,"CC BY 4.0 - Instituto Nacional de Estadística y Censo (INEC), Contraloría General de la República de Panamá"
ipc_var_mensual,"Índice de precios al consumidor, nacional urbano, variación mensual",2026-08,mensual,0.18289487887005862,% mensual,2024=100,https://www.inec.gob.pa/archivos/A0705547520260914092740Anexo%204.xlsx,2026-10-07T04:36:56Z,"CC BY 4.0 - Instituto Nacional de Estadística y Censo (INEC), Contraloría General de la República de Panamá"
ipc_var_interanual,"Índice de precios al consumidor, nacional urbano, variación interanual",2024-01,mensual,1.2222859116529605,% interanual,2024=100,https://www.inec.gob.pa/archivos/A0705547520260914092740Anexo%204.xlsx,2026-10-07T04:36:56Z,"CC BY 4.0 - Instituto Nacional de Estadística y Censo (INEC), Contraloría General de la República de Panamá"
ipc_var_interanual,"Índice de precios al consumidor, nacional urbano, variación interanual",2024-02,mensual,1.5316959124472618,% interanual,2024=100,https://www.inec.gob.pa/archivos/A0705547520260914092740Anexo%204.xlsx,2026-10-07T04:36:56Z,"CC BY 4.0 - Instituto Nacional de Estadística y Censo (INEC), Contraloría General de la República de Panamá"
ipc_var_interanual,"Índice de precios al consumidor, nacional urbano, variación interanual",2024-03,mensual,1.6974615529862263,% interanual,2024=100,https://www.inec.gob.pa/archivos/A0705547520260914092740Anexo%204.xlsx,2026-10-07T04:36:56Z,"CC BY 4.0 - Instituto Nacional de Estadística y Censo (INEC), Contraloría General de la República de Panamá"
ipc_var_interanual,"Índice de precios al consumidor, nacional urbano, variación interanual",2024-04,mensual,1.6655352055203139,% interanual,2024=100,https://www.inec.gob.pa/archivos/A0705547520260914092740Anexo%204.xlsx,2026-10-07T04:36:56Z,"CC BY 4.0 - Instituto Nacional de Estadística y Censo (INEC), Contraloría General de la República de Panamá"
ipc_var_interanual,"Índice de precios al consumidor, nacional urbano, variación interanual",2024-05,mensual,1.2606415122586583,% interanual,2024=100,https://www.inec.gob.pa/archivos/A0705547520260914092740Anexo%204.xlsx,2026-10-07T04:36:56Z,"CC BY 4.0 - Instituto Nacional de Estadística y Censo (INEC), Contraloría General de la República de Panamá"
ipc_var_interanual,"Índice de precios al consumidor, nacional urbano, variación interanual",2024-06,mensual,0.8939259021370844,% interanual,2024=100,https://www.inec.gob.pa/archivos/A0705547520260914092740Anexo%204.xlsx,2026-10-07T04:36:56Z,"CC BY 4.0 - Instituto Nacional de Estadística y Censo (INEC), Contraloría General de la República de Panamá"
ipc_var_interanual,"Índice de precios al consumidor, nacional urbano, variación interanual",2024-07,mensual,0.7910592418316327,% interanual,2024=100,https://www.inec.gob.pa/archivos/A0705547520260914092740Anexo%204.xlsx,2026-10-07T04:36:56Z,"CC BY 4.0 - Instituto Nacional de Estadística y Censo (INEC), Contraloría General de la República de Panamá"
ipc_var_interanual,"Índice de precios al consumidor, nacional urbano, variación interanual",2024-08,mensual,0.3388034166244722,% interanual,2024=100,https://www.inec.gob.pa/archivos/A0705547520260914092740Anexo%204.xlsx,2026-10-07T04:36:56Z,"CC BY 4.0 - Instituto Nacional de Estadística y Censo (INEC), Contraloría General de la República de Panamá"
ipc_var_interanual,"Índice de precios al consumidor, nacional urbano, variación interanual",2024-09,mensual,-0.27261360794739176,% interanual,2024=100,https://www.inec.gob.pa/archivos/A0705547520260914092740Anexo%204.xlsx,2026-10-07T04:36:56Z,"CC BY 4.0 - Instituto Nacional de Estadística y Censo (INEC), Contraloría General de la República de Panamá"
ipc_var_interanual,"Índice de precios al consumidor, nacional urbano, variación interanual",2024-10,mensual,-0.2941578376802312,% interanual,2024=100,https://www.inec.gob.pa/archivos/A0705547520260914092740Anexo%204.xlsx,2026-10-07T04:36:56Z,"CC BY 4.0 - Instituto Nacional de Estadística y Censo (INEC), Contraloría General de la República de Panamá"
ipc_var_interanual,"Índice de precios al consumidor, nacional urbano, variación interanual",2024-11,mensual,-0.2962728259364553,% interanual,2024=100,https://www.inec.gob.pa/archivos/A0705547520260914092740Anexo%204.xlsx,2026-10-07T04:36:56Z,"CC BY 4.0 - Instituto Nacional de Estadística y Censo (INEC), Contraloría General de la República de Panamá"
ipc_var_interanual,"Índice de precios al consumidor, nacional urbano, variación interanual",2024-12,mensual,-0.1929644839814415,% interanual,2024=100,https://www.inec.gob.pa/archivos/A0705547520260914092740Anexo%204.xlsx,2026-10-07T04:36:56Z,"CC BY 4.0 - Instituto Nacional de Estadística y Censo (INEC), Contraloría General de la República de Panamá"
ipc_var_interanual,"Índice de precios al consumidor, nacional urbano, variación interanual",2025-01,mensual,-0.18394512951006448,% interanual,2024=100,https://www.inec.gob.pa/archivos/A0705547520260914092740Anexo%204.xlsx,2026-10-07T04:36:56Z,"CC BY 4.0 - Instituto Nacional de Estadística y Censo (INEC), Contraloría General de la República de Panamá"
ipc_var_interanual,"Índice de precios al consumidor, nacional urbano, variación interanual",2025-02,mensual,-0.1432106082380784,% interanual,2024=100,https://www.inec.gob.pa/archivos/A0705547520260914092740Anexo%204.xlsx,2026-10-07T04:36:56Z,"CC BY 4.0 - Instituto Nacional de Estadística y Censo (INEC), Contraloría General de la República de Panamá"
ipc_var_interanual,"Índice de precios al consumidor, nacional urbano, variación interanual",2025-03,mensual,-0.40858237171487133,% interanual,2024=100,https://www.inec.gob.pa/archivos/A0705547520260914092740Anexo%204.xlsx,2026-10-07T04:36:56Z,"CC BY 4.0 - Instituto Nacional de Estadística y Censo (INEC), Contraloría General de la República de Panamá"
ipc_var_interanual,"Índice de precios al consumidor, nacional urbano, variación interanual",2025-04,mensual,-0.7183896395383016,% interanual,2024=100,https://www.inec.gob.pa/archivos/A0705547520260914092740Anexo%204.xlsx,2026-10-07T04:36:56Z,"CC BY 4.0 - Instituto Nacional de Estadística y Censo (INEC), Contraloría General de la República de Panamá"
ipc_var_interanual,"Índice de precios al consumidor, nacional urbano, variación interanual",2025-05,mensual,-0.6674539432643343,% interanual,2024=100,https://www.inec.gob.pa/archivos/A0705547520260914092740Anexo%204.xlsx,2026-10-07T04:36:56Z,"CC BY 4.0 - Instituto Nacional de Estadística y Censo (INEC), Contraloría General de la República de Panamá"
ipc_var_interanual,"Índice de precios al consumidor, nacional urbano, variación interanual",2025-06,mensual,-0.4199092789154548,% interanual,2024=100,https://www.inec.gob.pa/archivos/A0705547520260914092740Anexo%204.xlsx,2026-10-07T04:36:56Z,"CC BY 4.0 - Instituto Nacional de Estadística y Censo (INEC), Contraloría General de la República de Panamá"
ipc_var_interanual,"Índice de precios al consumidor, nacional urbano, variación interanual",2025-07,mensual,-0.35924487782661174,% interanual,2024=100,https://www.inec.gob.pa/archivos/A0705547520260914092740Anexo%204.xlsx,2026-10-07T04:36:56Z,"CC BY 4.0 - Instituto Nacional de Estadística y Censo (INEC), Contraloría General de la República de Panamá"
ipc_var_interanual,"Índice de precios al consumidor, nacional urbano, variación interanual",2025-08,mensual,-0.1401468734940181,% interanual,2024=100,https://www.inec.gob.pa/archivos/A0705547520260914092740Anexo%204.xlsx,2026-10-07T04:36:56Z,"CC BY 4.0 - Instituto Nacional de Estadística y Censo (INEC), Contraloría General de la República de Panamá"
ipc_var_interanual,"Índice de precios al consumidor, nacional urbano, variación interanual",2025-09,mensual,0.29811268957600134,% interanual,2024=100,https://www.inec.gob.pa/archivos/A0705547520260914092740Anexo%204.xlsx,2026-10-07T04:36:56Z,"CC BY 4.0 - Instituto Nacional de Estadística y Censo (INEC), Contraloría General de la República de Panamá"
ipc_var_interanual,"Índice de precios al consumidor, nacional urbano, variación interanual",2025-10,mensual,0.4851812116211818,% interanual,2024=100,https://www.inec.gob.pa/archivos/A0705547520260914092740Anexo%204.xlsx,2026-10-07T04:36:56Z,"CC BY 4.0 - Instituto Nacional de Estadística y Censo (INEC), Contraloría General de la República de Panamá"
ipc_var_interanual,"Índice de precios al consumidor, nacional urbano, variación interanual",2025-11,mensual,0.45177898598858235,% interanual,2024=100,https://www.inec.gob.pa/archivos/A0705547520260914092740Anexo%204.xlsx,2026-10-07T04:36:56Z,"CC BY 4.0 - Instituto Nacional de Estadística y Censo (INEC), Contraloría General de la República de Panamá"
ipc_var_interanual,"Índice de precios al consumidor, nacional urbano, variación interanual",2025-12,mensual,0.3701838673575253,% interanual,2024=100,https://www.inec.gob.pa/archivos/A0705547520260914092740Anexo%204.xlsx,2026-10-07T04:36:56Z,"CC BY 4.0 - Instituto Nacional de Estadística y Censo (INEC), Contraloría General de la República de Panamá"
ipc_var_interanual,"Índice de precios al consumidor, nacional urbano, variación interanual",2026-01,mensual,0.33046834770405553,% interanual,2024=100,https://www.inec.gob.pa/archivos/A0705547520260914092740Anexo%204.xlsx,2026-10-07T04:36:56Z,"CC BY 4.0 - Instituto Nacional de Estadística y Censo (INEC), Contraloría General de la República de Panamá"
ipc_var_interanual,"Índice de precios al consumidor, nacional urbano, variación interanual",2026-02,mensual,0.017143387934453358,% interanual,2024=100,https://www.inec.gob.pa/archivos/A0705547520260914092740Anexo%204.xlsx,2026-10-07T04:36:56Z,"CC BY 4.0 - Instituto Nacional de Estadística y Censo (INEC), Contraloría General de la República de Panamá"
ipc_var_interanual,"Índice de precios al consumidor, nacional urbano, variación interanual",2026-03,mensual,0.7889365768463108,% interanual,2024=100,https://www.inec.gob.pa/archivos/A0705547520260914092740Anexo%204.xlsx,2026-10-07T04:36:56Z,"CC BY 4.0 - Instituto Nacional de Estadística y Censo (INEC), Contraloría General de la República de Panamá"
ipc_var_interanual,"Índice de precios al consumidor, nacional urbano, variación interanual",2026-04,mensual,2.054189374250285,% interanual,2024=100,https://www.inec.gob.pa/archivos/A0705547520260914092740Anexo%204.xlsx,2026-10-07T04:36:56Z,"CC BY 4.0 - Instituto Nacional de Estadística y Censo (INEC), Contraloría General de la República de Panamá"
ipc_var_interanual,"Índice de precios al consumidor, nacional urbano, variación interanual",2026-05,mensual,2.4999951861489222,% interanual,2024=100,https://www.inec.gob.pa/archivos/A0705547520260914092740Anexo%204.xlsx,2026-10-07T04:36:56Z,"CC BY 4.0 - Instituto Nacional de Estadística y Censo (INEC), Contraloría General de la República de Panamá"
ipc_var_interanual,"Índice de precios al consumidor, nacional urbano, variación interanual",2026-06,mensual,2.2632540656919673,% interanual,2024=100,https://www.inec.gob.pa/archivos/A0705547520260914092740Anexo%204.xlsx,2026-10-07T04:36:56Z,"CC BY 4.0 - Instituto Nacional de Estadística y Censo (INEC), Contraloría General de la República de Panamá"
ipc_var_interanual,"Índice de precios al consumidor, nacional urbano, variación interanual",2026-07,mensual,2.016374035474499,% interanual,2024=100,https://www.inec.gob.pa/archivos/A0705547520260914092740Anexo%204.xlsx,2026-10-07T04:36:56Z,"CC BY 4.0 - Instituto Nacional de Estadística y Censo (INEC), Contraloría General de la República de Panamá"
ipc_var_interanual,"Índice de precios al consumidor, nacional urbano, variación interanual",2026-08,mensual,2.202294108564871,% interanual,2024=100,https://www.inec.gob.pa/archivos/A0705547520260914092740Anexo%204.xlsx,2026-10-07T04:36:56Z,"CC BY 4.0 - Instituto Nacional de Estadística y Censo (INEC), Contraloría General de la República de Panamá"
pib_constante,"Producto interno bruto trimestral, precios constantes",2022-T1,trimestral,18296.15197,millones de balboas,2018,https://www.inec.gob.pa/archivos/P0705547520260915114300PIB_TRIMESTRAL2018.csv,2026-10-07T04:36:58Z,"CC BY 4.0 - Instituto Nacional de Estadística y Censo (INEC), Contraloría General de la República de Panamá"
pib_constante,"Producto interno bruto trimestral, precios constantes",2022-T2,trimestral,16497.26205,millones de balboas,2018,https://www.inec.gob.pa/archivos/P0705547520260915114300PIB_TRIMESTRAL2018.csv,2026-10-07T04:36:58Z,"CC BY 4.0 - Instituto Nacional de Estadística y Censo (INEC), Contraloría General de la República de Panamá"
pib_constante,"Producto interno bruto trimestral, precios constantes",2023-T1,trimestral,20092.65581,millones de balboas,2018,https://www.inec.gob.pa/archivos/P0705547520260915114300PIB_TRIMESTRAL2018.csv,2026-10-07T04:36:58Z,"CC BY 4.0 - Instituto Nacional de Estadística y Censo (INEC), Contraloría General de la República de Panamá"
pib_constante,"Producto interno bruto trimestral, precios constantes",2023-T2,trimestral,17846.70893,millones de balboas,2018,https://www.inec.gob.pa/archivos/P0705547520260915114300PIB_TRIMESTRAL2018.csv,2026-10-07T04:36:58Z,"CC BY 4.0 - Instituto Nacional de Estadística y Censo (INEC), Contraloría General de la República de Panamá"
pib_constante,"Producto interno bruto trimestral, precios constantes",2023-T3,trimestral,19641.87498,millones de balboas,2018,https://www.inec.gob.pa/archivos/P0705547520260915114300PIB_TRIMESTRAL2018.csv,2026-10-07T04:36:58Z,"CC BY 4.0 - Instituto Nacional de Estadística y Censo (INEC), Contraloría General de la República de Panamá"
pib_constante,"Producto interno bruto trimestral, precios constantes",2023-T4,trimestral,21470.53949,millones de balboas,2018,https://www.inec.gob.pa/archivos/P0705547520260915114300PIB_TRIMESTRAL2018.csv,2026-10-07T04:36:58Z,"CC BY 4.0 - Instituto Nacional de Estadística y Censo (INEC), Contraloría General de la República de Panamá"
pib_constante,"Producto interno bruto trimestral, precios constantes",2024-T1,trimestral,20456.85129,millones de balboas,2018,https://www.inec.gob.pa/archivos/P0705547520260915114300PIB_TRIMESTRAL2018.csv,2026-10-07T04:36:58Z,"CC BY 4.0 - Instituto Nacional de Estadística y Censo (INEC), Contraloría General de la República de Panamá"
pib_constante,"Producto interno bruto trimestral, precios constantes",2024-T2,trimestral,18238.84512,millones de balboas,2018,https://www.inec.gob.pa/archivos/P0705547520260915114300PIB_TRIMESTRAL2018.csv,2026-10-07T04:36:58Z,"CC BY 4.0 - Instituto Nacional de Estadística y Censo (INEC), Contraloría General de la República de Panamá"
pib_constante,"Producto interno bruto trimestral, precios constantes",2024-T3,trimestral,20038.47951,millones de balboas,2018,https://www.inec.gob.pa/archivos/P0705547520260915114300PIB_TRIMESTRAL2018.csv,2026-10-07T04:36:58Z,"CC BY 4.0 - Instituto Nacional de Estadística y Censo (INEC), Contraloría General de la República de Panamá"
pib_constante,"Producto interno bruto trimestral, precios constantes",2024-T4,trimestral,22492.81166,millones de balboas,2018,https://www.inec.gob.pa/archivos/P0705547520260915114300PIB_TRIMESTRAL2018.csv,2026-10-07T04:36:58Z,"CC BY 4.0 - Instituto Nacional de Estadística y Censo (INEC), Contraloría General de la República de Panamá"
pib_constante,"Producto interno bruto trimestral, precios constantes",2025-T1,trimestral,21524.03588,millones de balboas,2018,https://www.inec.gob.pa/archivos/P0705547520260915114300PIB_TRIMESTRAL2018.csv,2026-10-07T04:36:58Z,"CC BY 4.0 - Instituto Nacional de Estadística y Censo (INEC), Contraloría General de la República de Panamá"
pib_constante,"Producto interno bruto trimestral, precios constantes",2025-T2,trimestral,18864.90927,millones de balboas,2018,https://www.inec.gob.pa/archivos/P0705547520260915114300PIB_TRIMESTRAL2018.csv,2026-10-07T04:36:58Z,"CC BY 4.0 - Instituto Nacional de Estadística y Censo (INEC), Contraloría General de la República de Panamá"
pib_constante,"Producto interno bruto trimestral, precios constantes",2025-T3,trimestral,20819.44939,millones de balboas,2018,https://www.inec.gob.pa/archivos/P0705547520260915114300PIB_TRIMESTRAL2018.csv,2026-10-07T04:36:58Z,"CC BY 4.0 - Instituto Nacional de Estadística y Censo (INEC), Contraloría General de la República de Panamá"
pib_constante,"Producto interno bruto trimestral, precios constantes",2025-T4,trimestral,23565.17454,millones de balboas,2018,https://www.inec.gob.pa/archivos/P0705547520260915114300PIB_TRIMESTRAL2018.csv,2026-10-07T04:36:58Z,"CC BY 4.0 - Instituto Nacional de Estadística y Censo (INEC), Contraloría General de la República de Panamá"
pib_constante,"Producto interno bruto trimestral, precios constantes",2026-T1,trimestral,22556.45761,millones de balboas,2018,https://www.inec.gob.pa/archivos/P0705547520260915114300PIB_TRIMESTRAL2018.csv,2026-10-07T04:36:58Z,"CC BY 4.0 - Instituto Nacional de Estadística y Censo (INEC), Contraloría General de la República de Panamá"
pib_constante,"Producto interno bruto trimestral, precios constantes",2026-T2,trimestral,20069.20077,millones de balboas,2018,https://www.inec.gob.pa/archivos/P0705547520260915114300PIB_TRIMESTRAL2018.csv,2026-10-07T04:36:58Z,"CC BY 4.0 - Instituto Nacional de Estadística y Censo (INEC), Contraloría General de la República de Panamá"
pib_corriente,"Producto interno bruto trimestral, precios corrientes",2022-T1,trimestral,18747.54065,millones de balboas,,https://www.inec.gob.pa/archivos/P0705547520260915114300PIB_TRIMESTRAL2018.csv,2026-10-07T04:36:58Z,"CC BY 4.0 - Instituto Nacional de Estadística y Censo (INEC), Contraloría General de la República de Panamá"
pib_corriente,"Producto interno bruto trimestral, precios corrientes",2022-T2,trimestral,17279.16286,millones de balboas,,https://www.inec.gob.pa/archivos/P0705547520260915114300PIB_TRIMESTRAL2018.csv,2026-10-07T04:36:58Z,"CC BY 4.0 - Instituto Nacional de Estadística y Censo (INEC), Contraloría General de la República de Panamá"
pib_corriente,"Producto interno bruto trimestral, precios corrientes",2023-T1,trimestral,21118.5425,millones de balboas,,https://www.inec.gob.pa/archivos/P0705547520260915114300PIB_TRIMESTRAL2018.csv,2026-10-07T04:36:58Z,"CC BY 4.0 - Instituto Nacional de Estadística y Censo (INEC), Contraloría General de la República de Panamá"
pib_corriente,"Producto interno bruto trimestral, precios corrientes",2023-T2,trimestral,18907.13017,millones de balboas,,https://www.inec.gob.pa/archivos/P0705547520260915114300PIB_TRIMESTRAL2018.csv,2026-10-07T04:36:58Z,"CC BY 4.0 - Instituto Nacional de Estadística y Censo (INEC), Contraloría General de la República de Panamá"
pib_corriente,"Producto interno bruto trimestral, precios corrientes",2023-T3,trimestral,20612.60444,millones de balboas,,https://www.inec.gob.pa/archivos/P0705547520260915114300PIB_TRIMESTRAL2018.csv,2026-10-07T04:36:58Z,"CC BY 4.0 - Instituto Nacional de Estadística y Censo (INEC), Contraloría General de la República de Panamá"
pib_corriente,"Producto interno bruto trimestral, precios corrientes",2023-T4,trimestral,23178.35521,millones de balboas,,https://www.inec.gob.pa/archivos/P0705547520260915114300PIB_TRIMESTRAL2018.csv,2026-10-07T04:36:58Z,"CC BY 4.0 - Instituto Nacional de Estadística y Censo (INEC), Contraloría General de la República de Panamá"
pib_corriente,"Producto interno bruto trimestral, precios corrientes",2024-T1,trimestral,21685.66044,millones de balboas,,https://www.inec.gob.pa/archivos/P0705547520260915114300PIB_TRIMESTRAL2018.csv,2026-10-07T04:36:58Z,"CC BY 4.0 - Instituto Nacional de Estadística y Censo (INEC), Contraloría General de la República de Panamá"
pib_corriente,"Producto interno bruto trimestral, precios corrientes",2024-T2,trimestral,19520.01676,millones de balboas,,https://www.inec.gob.pa/archivos/P0705547520260915114300PIB_TRIMESTRAL2018.csv,2026-10-07T04:36:58Z,"CC BY 4.0 - Instituto Nacional de Estadística y Censo (INEC), Contraloría General de la República de Panamá"
pib_corriente,"Producto interno bruto trimestral, precios corrientes",2024-T3,trimestral,20991.2474,millones de balboas,,https://www.inec.gob.pa/archivos/P0705547520260915114300PIB_TRIMESTRAL2018.csv,2026-10-07T04:36:58Z,"CC BY 4.0 - Instituto Nacional de Estadística y Censo (INEC), Contraloría General de la República de Panamá"
pib_corriente,"Producto interno bruto trimestral, precios corrientes",2024-T4,trimestral,24360.63149,millones de balboas,,https://www.inec.gob.pa/archivos/P0705547520260915114300PIB_TRIMESTRAL2018.csv,2026-10-07T04:36:58Z,"CC BY 4.0 - Instituto Nacional de Estadística y Censo (INEC), Contraloría General de la República de Panamá"
pib_corriente,"Producto interno bruto trimestral, precios corrientes",2025-T1,trimestral,22906.66574,millones de balboas,,https://www.inec.gob.pa/archivos/P0705547520260915114300PIB_TRIMESTRAL2018.csv,2026-10-07T04:36:58Z,"CC BY 4.0 - Instituto Nacional de Estadística y Censo (INEC), Contraloría General de la República de Panamá"
pib_corriente,"Producto interno bruto trimestral, precios corrientes",2025-T2,trimestral,20203.93088,millones de balboas,,https://www.inec.gob.pa/archivos/P0705547520260915114300PIB_TRIMESTRAL2018.csv,2026-10-07T04:36:58Z,"CC BY 4.0 - Instituto Nacional de Estadística y Censo (INEC), Contraloría General de la República de Panamá"
pib_corriente,"Producto interno bruto trimestral, precios corrientes",2025-T3,trimestral,21905.33185,millones de balboas,,https://www.inec.gob.pa/archivos/P0705547520260915114300PIB_TRIMESTRAL2018.csv,2026-10-07T04:36:58Z,"CC BY 4.0 - Instituto Nacional de Estadística y Censo (INEC), Contraloría General de la República de Panamá"
pib_corriente,"Producto interno bruto trimestral, precios corrientes",2025-T4,trimestral,25682.85968,millones de balboas,,https://www.inec.gob.pa/archivos/P0705547520260915114300PIB_TRIMESTRAL2018.csv,2026-10-07T04:36:58Z,"CC BY 4.0 - Instituto Nacional de Estadística y Censo (INEC), Contraloría General de la República de Panamá"
pib_corriente,"Producto interno bruto trimestral, precios corrientes",2026-T1,trimestral,24174.35441,millones de balboas,,https://www.inec.gob.pa/archivos/P0705547520260915114300PIB_TRIMESTRAL2018.csv,2026-10-07T04:36:58Z,"CC BY 4.0 - Instituto Nacional de Estadística y Censo (INEC), Contraloría General de la República de Panamá"
pib_corriente,"Producto interno bruto trimestral, precios corrientes",2026-T2,trimestral,22009.11444,millones de balboas,,https://www.inec.gob.pa/archivos/P0705547520260915114300PIB_TRIMESTRAL2018.csv,2026-10-07T04:36:58Z,"CC BY 4.0 - Instituto Nacional de Estadística y Censo (INEC), Contraloría General de la República de Panamá"
pib_constante_var_interanual,"Producto interno bruto trimestral, precios constantes, variación interanual (calculada)",2022-T1,trimestral,13.1162,% interanual,2018,https://www.inec.gob.pa/archivos/P0705547520260915114300PIB_TRIMESTRAL2018.csv,2026-10-07T04:36:58Z,"CC BY 4.0 - Instituto Nacional de Estadística y Censo (INEC), Contraloría General de la República de Panamá"
pib_constante_var_interanual,"Producto interno bruto trimestral, precios constantes, variación interanual (calculada)",2022-T2,trimestral,9.8841,% interanual,2018,https://www.inec.gob.pa/archivos/P0705547520260915114300PIB_TRIMESTRAL2018.csv,2026-10-07T04:36:58Z,"CC BY 4.0 - Instituto Nacional de Estadística y Censo (INEC), Contraloría General de la República de Panamá"
pib_constante_var_interanual,"Producto interno bruto trimestral, precios constantes, variación interanual (calculada)",2023-T1,trimestral,9.819,% interanual,2018,https://www.inec.gob.pa/archivos/P0705547520260915114300PIB_TRIMESTRAL2018.csv,2026-10-07T04:36:58Z,"CC BY 4.0 - Instituto Nacional de Estadística y Censo (INEC), Contraloría General de la República de Panamá"
pib_constante_var_interanual,"Producto interno bruto trimestral, precios constantes, variación interanual (calculada)",2023-T2,trimestral,8.1798,% interanual,2018,https://www.inec.gob.pa/archivos/P0705547520260915114300PIB_TRIMESTRAL2018.csv,2026-10-07T04:36:58Z,"CC BY 4.0 - Instituto Nacional de Estadística y Censo (INEC), Contraloría General de la República de Panamá"
pib_constante_var_interanual,"Producto interno bruto trimestral, precios constantes, variación interanual (calculada)",2023-T3,trimestral,,% interanual,2018,https://www.inec.gob.pa/archivos/P0705547520260915114300PIB_TRIMESTRAL2018.csv,2026-10-07T04:36:58Z,"CC BY 4.0 - Instituto Nacional de Estadística y Censo (INEC), Contraloría General de la República de Panamá"
pib_constante_var_interanual,"Producto interno bruto trimestral, precios constantes, variación interanual (calculada)",2023-T4,trimestral,,% interanual,2018,https://www.inec.gob.pa/archivos/P0705547520260915114300PIB_TRIMESTRAL2018.csv,2026-10-07T04:36:58Z,"CC BY 4.0 - Instituto Nacional de Estadística y Censo (INEC), Contraloría General de la República de Panamá"
pib_constante_var_interanual,"Producto interno bruto trimestral, precios constantes, variación interanual (calculada)",2024-T1,trimestral,1.8126,% interanual,2018,https://www.inec.gob.pa/archivos/P0705547520260915114300PIB_TRIMESTRAL2018.csv,2026-10-07T04:36:58Z,"CC BY 4.0 - Instituto Nacional de Estadística y Censo (INEC), Contraloría General de la República de Panamá"
pib_constante_var_interanual,"Producto interno bruto trimestral, precios constantes, variación interanual (calculada)",2024-T2,trimestral,2.1972,% interanual,2018,https://www.inec.gob.pa/archivos/P0705547520260915114300PIB_TRIMESTRAL2018.csv,2026-10-07T04:36:58Z,"CC BY 4.0 - Instituto Nacional de Estadística y Censo (INEC), Contraloría General de la República de Panamá"
pib_constante_var_interanual,"Producto interno bruto trimestral, precios constantes, variación interanual (calculada)",2024-T3,trimestral,2.0192,% interanual,2018,https://www.inec.gob.pa/archivos/P0705547520260915114300PIB_TRIMESTRAL2018.csv,2026-10-07T04:36:58Z,"CC BY 4.0 - Instituto Nacional de Estadística y Censo (INEC), Contraloría General de la República de Panamá"
pib_constante_var_interanual,"Producto interno bruto trimestral, precios constantes, variación interanual (calculada)",2024-T4,trimestral,4.7613,% interanual,2018,https://www.inec.gob.pa/archivos/P0705547520260915114300PIB_TRIMESTRAL2018.csv,2026-10-07T04:36:58Z,"CC BY 4.0 - Instituto Nacional de Estadística y Censo (INEC), Contraloría General de la República de Panamá"
pib_constante_var_interanual,"Producto interno bruto trimestral, precios constantes, variación interanual (calculada)",2025-T1,trimestral,5.2168,% interanual,2018,https://www.inec.gob.pa/archivos/P0705547520260915114300PIB_TRIMESTRAL2018.csv,2026-10-07T04:36:58Z,"CC BY 4.0 - Instituto Nacional de Estadística y Censo (INEC), Contraloría General de la República de Panamá"
pib_constante_var_interanual,"Producto interno bruto trimestral, precios constantes, variación interanual (calculada)",2025-T2,trimestral,3.4326,% interanual,2018,https://www.inec.gob.pa/archivos/P0705547520260915114300PIB_TRIMESTRAL2018.csv,2026-10-07T04:36:58Z,"CC BY 4.0 - Instituto Nacional de Estadística y Censo (INEC), Contraloría General de la República de Panamá"
pib_constante_var_interanual,"Producto interno bruto trimestral, precios constantes, variación interanual (calculada)",2025-T3,trimestral,3.8974,% interanual,2018,https://www.inec.gob.pa/archivos/P0705547520260915114300PIB_TRIMESTRAL2018.csv,2026-10-07T04:36:58Z,"CC BY 4.0 - Instituto Nacional de Estadística y Censo (INEC), Contraloría General de la República de Panamá"
pib_constante_var_interanual,"Producto interno bruto trimestral, precios constantes, variación interanual (calculada)",2025-T4,trimestral,4.7676,% interanual,2018,https://www.inec.gob.pa/archivos/P0705547520260915114300PIB_TRIMESTRAL2018.csv,2026-10-07T04:36:58Z,"CC BY 4.0 - Instituto Nacional de Estadística y Censo (INEC), Contraloría General de la República de Panamá"
pib_constante_var_interanual,"Producto interno bruto trimestral, precios constantes, variación interanual (calculada)",2026-T1,trimestral,4.7966,% interanual,2018,https://www.inec.gob.pa/archivos/P0705547520260915114300PIB_TRIMESTRAL2018.csv,2026-10-07T04:36:58Z,"CC BY 4.0 - Instituto Nacional de Estadística y Censo (INEC), Contraloría General de la República de Panamá"
pib_constante_var_interanual,"Producto interno bruto trimestral, precios constantes, variación interanual (calculada)",2026-T2,trimestral,6.3838,% interanual,2018,https://www.inec.gob.pa/archivos/P0705547520260915114300PIB_TRIMESTRAL2018.csv,2026-10-07T04:36:58Z,"CC BY 4.0 - Instituto Nacional de Estadística y Censo (INEC), Contraloría General de la República de Panamá"
