;PIBCONSTANTE ;PIBCONSTANTE ;PIBCONSTANTE ;PIBCONSTANTE ;PIBCONSTANTE ;PIBCONSTANTE ;PIBCONSTANTE ;PIBCONSTANTE ;PIBCONSTANTE ;PIBCONSTANTE ;PIBCONSTANTE ;PIBCONSTANTE ;PIBCONSTANTE ;PIBCONSTANTE ;PIBCONSTANTE ;PIBCONSTANTE ;PIBCONSTANTE ;PIBCONSTANTE ;PIBCONSTANTE ;PIBCONSTANTE ;PIBCONSTANTE ;PIBCORRIENTE;PIBCORRIENTE;PIBCORRIENTE;PIBCORRIENTE;PIBCORRIENTE;PIBCORRIENTE;PIBCORRIENTE;PIBCORRIENTE;PIBCORRIENTE;PIBCORRIENTE;PIBCORRIENTE;PIBCORRIENTE;PIBCORRIENTE;PIBCORRIENTE;PIBCORRIENTE;PIBCORRIENTE;PIBCORRIENTE;PIBCORRIENTE;PIBCORRIENTE;PIBCORRIENTE;PIBCORRIENTE
;A;B;C;D_E;F;G;H;I;J;K;L_M_N;P;Q;R_S;F;L;T;GOBIERNO;VAB;IMPUESTO;PIB;A;B;C;D_E;F;G;H;I;J;K;L_M_N;P;Q;R_S;F;L;T;GOBIERNO;VAB;IMPUESTO;PIB
Trimestre;Agricultura, ganader’a, caza, silvicultura, pesca y actividades de servicios conexas (M);Explotaci—n de minas y canteras (M);Industrias manufactureras (M);"Suministro de electricidad, gas, vapor y aire acondicionado; agua; alcantarillado, gesti—n de desechos y actividades de saneamiento (M)";Construcci—n (M);Comercio al por mayor y al por menor (incluye zonas francas), reparaci—n de veh’culos de motor y motocicletas (M);Transporte, almacenamiento y correo (M);Hoteles y restaurantes (M);Informaci—n y comunicaci—n (M);Actividades financieras y de seguros (M);"Actividades inmobiliarias;  profesionales, cient’ficas y t?cnicas; administrativas y servicios de apoyo (M)";Ense–anza (M);Servicios sociales y relacionados con la salud humana (M);"Artes, entretenimiento y creatividad; otras actividades de servicio (M)";Construcci—n (UFP);Actividades inmobiliarias (UFP);Actividades de los hogares en calidad de empleadores (UFP);Otra producci—n no de mercado  (ONM);Valor  Agregado Bruto, en valores b‡sicos;M‡s:  Impuestos sobre la producci—n netos;PRODUCTO INTERNO BRUTO  A PRECIOS DE COMPRADOR;Agricultura, ganader’a, caza, silvicultura, pesca y actividades de servicios conexas (M);Explotaci—n de minas y canteras (M);Industrias manufactureras (M);"Suministro de electricidad, gas, vapor y aire acondicionado; agua; alcantarillado, gesti—n de desechos y actividades de saneamiento (M)";Construcci—n (M);Comercio al por mayor y al por menor (incluye zonas francas), reparaci—n de veh’culos de motor y motocicletas (M);Transporte, almacenamiento y correo (M);Hoteles y restaurantes (M);Informaci—n y comunicaci—n (M);Actividades financieras y de seguros (M);"Actividades inmobiliarias;  profesionales, cient’ficas y t?cnicas; administrativas y servicios de apoyo (M)";Ense–anza (M);Servicios sociales y relacionados con la salud humana (M);"Artes, entretenimiento y creatividad; otras actividades de servicio (M)";Construcci—n (UFP);Actividades inmobiliarias (UFP);Actividades de los hogares en calidad de empleadores (UFP);Otra producci—n no de mercado  (ONM);Valor  Agregado Bruto, en valores b‡sicos;M‡s:  Impuestos sobre la producci—n netos;PRODUCTO INTERNO BRUTO  A PRECIOS DE COMPRADOR
2018-Q1;384.3042094;293.8841229;1008.281357;344.5032129;4040.282555;2940.289245;1700.574278;502.2550834;389.1261941;1001.324756;1100.881564;166.7407632;150.034672;200.8693251;356.3576235;1109.348384;74.342651;1281.411949;17044.81195;556.0845522;17600.8965;390.82388;292.7374213;1027.453348;344.8844792;4025.522692;2920.185591;1667.40256;509.7950627;392.5300911;996.7526896;1098.644855;165.1883786;147.4416724;201.083225;354.3286876;1116.772362;74.351748;1269.054257;16994.953;579.4558471;17574.40885
2018-Q2;441.9698312;181.5796294;984.7347702;373.151255;2495.785082;3006.385995;1728.853195;470.0964381;394.0869307;987.8579811;1176.427936;165.3190223;156.3384878;217.7460749;184.1898989;1116.984673;74.75886752;1236.820159;15393.08623;567.469758;15960.55599;434.1520251;180.6990986;971.2378658;363.9249269;2483.436739;2997.343697;1722.042726;474.4119386;396.0938598;986.6043114;1177.382214;165.5376424;155.3306731;217.9582707;183.216105;1121.491667;74.76425975;1233.52449;15339.15251;550.9578681;15890.11038
2018-Q3;405.5810356;197.1854986;978.2121051;342.8982061;2823.175098;2998.299529;1739.528672;482.4790627;395.7227443;1042.544939;1171.876405;156.5327933;160.1719726;226.0758007;191.0393515;1135.260071;76.02208932;1341.381689;15863.98706;593.6015011;16457.58856;408.490817;198.6742047;959.4986655;346.1630788;2842.882323;3018.239123;1750.625269;480.5943356;395.2478914;1043.299158;1174.492956;156.958844;160.9378983;226.1200982;192.7077781;1133.849933;76.02021529;1345.627538;15910.43013;543.9927786;16454.42291
2018-Q4;414.8281204;175.9397791;896.9245567;337.4478175;2647.788199;3391.773442;1718.024255;546.9805603;413.375246;1093.855051;1269.270371;163.2488908;155.0700463;250.150161;185.5556546;1159.675244;78.11177916;1817.26484;16715.28401;582.1461226;17297.43014;413.2164744;176.4783053;909.9629096;343.0280066;2655.189179;3400.9798;1746.909845;537.0098077;408.4392728;1098.926567;1267.936251;164.1566046;157.904935;249.6797678;186.8899579;1149.154409;78.09916397;1828.672352;16772.63361;624.8954401;17397.52905
2019-Q1;379.5735066;283.7098449;979.4077668;364.3136716;4273.854881;2971.413313;1782.542825;506.8595723;382.4751738;1027.394224;1153.554042;173.6978001;153.9837017;203.7314016;373.0276149;1177.274238;84.53091009;1325.851574;17597.19606;548.0401079;18145.23617;386.0199211;284.7166806;960.1648227;354.6423405;4324.694782;2976.9988;1754.156841;488.876552;374.3513615;1022.11508;1152.131089;175.8861014;161.6860642;204.0440362;377.5647287;1161.847987;87.07056533;1349.370175;17596.33793;544.9405651;18141.27849
2019-Q2;432.6719569;201.5226101;960.5105851;367.154943;2654.379189;3023.982614;1815.495836;468.4004692;385.2747493;1036.302003;1207.181069;174.4869562;161.4373556;221.6370196;191.4407427;1195.477348;88.98677869;1281.466919;15867.80914;558.4969037;16426.30605;446.0338038;203.3520325;894.7994654;372.2345712;2698.290426;3070.307242;1835.808638;453.3760488;375.6347642;1049.906529;1215.204569;177.5897905;170.8296303;222.0637274;196.1904618;1171.972145;92.81097359;1316.090502;15962.49532;526.6027124;16489.09803
2019-Q3;455.3034402;253.6577842;986.7902955;345.5441048;2627.635761;3013.711309;1905.963608;483.8491578;401.3221989;1049.069753;1260.601321;159.983129;169.944423;216.6191545;184.3856615;1207.262182;91.14774551;1408.545208;16221.33624;596.4550183;16817.79125;451.4744172;251.1380778;1027.212858;361.0192812;2720.837899;3031.489574;1930.039306;467.3092336;388.2840486;1040.742342;1258.940987;163.0723813;181.9619169;217.1320634;192.6785944;1181.526048;95.07511588;1443.735038;16403.66918;513.9806896;16917.64987
2019-Q4;475.6462713;311.0360796;898.9413198;353.5716317;2562.483136;3507.169106;1891.600482;563.3460175;426.332342;1099.088201;1375.302078;173.2697953;161.8695011;248.1559483;175.2950446;1213.355219;90.64682907;1928.384017;17455.49302;560.5205237;18016.01354;429.6024521;313.2089995;1078.180312;352.5479039;2647.232594;3454.958222;1954.974613;552.1171505;414.5918852;1074.944756;1362.301179;176.8573279;173.1010192;248.4012275;184.9549309;1186.37774;94.56111551;1938.416842;17637.33027;593.6345248;18230.9648
2020-Q1;384.7782249;578.2270758;1003.06026;374.8569863;3614.306128;2956.982998;1878.658248;399.2506537;412.7621322;1035.720047;1358.27511;204.4468321;164.2768137;182.7487398;316.1610889;1238.957868;85.32230758;1450.383774;17654.28136;499.6802139;18158.01237;399.8864988;623.927807;1038.311953;402.161453;3957.915789;2886.069129;1932.943226;396.6622602;395.2336301;974.5035993;1360.534903;214.5988604;181.317237;185.0378982;350.0170207;1194.322982;89.48656171;1475.369127;18058.29994;471.2897573;18529.58969
2020-Q2;438.6720518;103.1342445;598.3984451;328.1906038;463.9451579;1729.048815;1219.852497;67.82894581;363.6118151;1020.980927;775.1735538;109.7517112;166.9024955;59.35377033;20.39994965;1230.924484;68.16495487;1435.240146;10170.49952;270.9621513;10444.51223;449.2705986;93.18642069;641.0509571;354.3115219;502.3778709;1658.59567;1257.824848;67.97808707;350.4989508;919.1199088;768.7770958;110.7176507;189.2885938;61.49855037;22.17977389;1192.08058;71.79500949;1427.576488;10138.12858;181.3175121;10319.44609
2020-Q3;459.8270635;295.6509352;719.2507132;361.4463577;950.2828317;2394.477706;1430.039685;93.16220143;384.7179789;1028.898905;865.5010592;141.3201191;190.0447855;75.71369743;59.8249715;1239.327778;67.68418563;1585.482746;12321.71404;303.8656072;12630.31094;448.2773353;219.968642;746.9548774;334.7083116;1018.070627;2295.103424;1507.527525;93.51558742;372.0997123;958.1368637;858.5833657;134.1286608;215.3257313;78.41161479;64.36848718;1206.006476;71.23009994;1559.128551;12181.54589;299.1412959;12480.68719
2020-Q4;497.3557605;380.4759839;735.1101716;398.8086755;1329.715162;3364.158519;1707.130671;193.8458696;458.0493329;1089.00297;1240.075024;169.4698639;178.1943426;170.2340308;65.9668227;1251.05238;64.33359407;2147.416845;15415.1704;382.6410109;15803.62499;450.986751;357.0722517;807.8392612;332.5277617;1405.332757;3230.916328;1787.887915;193.0536773;442.4221207;1020.48098;1227.656626;159.2697714;206.3865388;173.9838531;69.42586867;1212.813338;67.70449207;2113.275623;15259.03591;471.0876378;15730.12355
2021-Q1;423.224066;756.5364331;883.5562936;370.134979;2447.52711;2889.519851;1716.343208;169.2082397;396.998837;1080.450749;1031.185068;162.4148749;164.3906668;117.5727701;197.3371296;1275.458829;65.58927515;1591.537229;15779.46945;389.5850989;16174.64666;400.8497454;669.5150238;932.2548596;375.0865672;2684.343053;2767.912906;1846.606828;170.0286179;380.4322643;996.7458365;1025.6449;156.7465559;185.3631337;121.737347;219.8412831;1230.091244;69.02635402;1601.527515;15833.75403;317.8540467;16151.60808
2021-Q2;456.3746512;651.9265164;851.4867469;393.7632344;1645.844891;2393.473236;1785.046708;236.9752373;422.493714;1067.860595;1178.692164;127.5799605;173.7918742;159.5554165;150.1230009;1272.833216;66.64367009;1553.135567;14583.12108;426.6376264;15013.33214;466.5301846;613.5470039;903.6881119;376.9582175;1900.389627;2303.98045;1788.347173;235.4007065;404.4422907;1007.735173;1194.675848;124.1105366;197.4076623;164.8771108;175.6909818;1231.412918;70.13303347;1591.962098;14751.28913;459.3172724;15210.6064
2021-Q3;451.8956333;682.212756;832.0923408;411.4290221;1901.717753;3118.130255;1902.009523;259.8797379;422.4721318;1111.279053;1230.49387;156.7603587;204.1678672;178.4203101;130.0771167;1280.287202;69.39240222;1681.442027;16012.52061;470.1080298;16486.51277;482.6521249;609.9955457;838.0649823;382.375582;2236.74152;3024.982943;1955.400255;255.997267;404.5861686;1088.783014;1228.092852;151.8102872;229.6971251;183.3066266;154.6347399;1240.854368;73.01776901;1736.825461;16277.81863;477.8902174;16755.70885
2021-Q4;532.2562399;687.4794497;826.0887142;433.6675259;2178.966837;4027.968642;2015.537876;311.6688001;474.84483;1166.885528;1401.698322;174.0512777;168.3141875;196.8547031;123.5722716;1299.320471;66.22404053;2213.288898;18259.80156;488.8726665;18754.23413;539.0161513;659.8122305;886.7461783;391.8638096;2578.214824;3947.82725;2119.52213;308.099911;455.2627546;1131.386967;1382.44037;168.7549137;193.4469503;200.4996391;149.4403377;1266.392012;69.67688006;2281.056125;18729.45943;549.0097447;19278.46918
2022-Q1;423.0787853;801.2803451;941.1386195;394.3279175;2943.100932;3370.657417;2012.15308;269.8120434;402.9555702;1109.812159;1173.93295;176.2701187;168.7000439;183.7318552;247.8274374;1306.72101;72.53903005;1613.010222;17724.40642;566.5100687;18296.15197;428.3497772;734.6832404;948.8197304;401.7513532;3445.465809;3370.224791;2076.766175;267.2574859;385.1257753;1052.265012;1176.472836;171.6098048;193.7665856;186.2884006;287.4315942;1272.456211;76.32100652;1700.504374;18175.55996;571.9806842;18747.54065
2022-Q2;470.9664166;678.0360345;897.7572048;418.9676189;1858.337719;2806.571034;2129.305049;305.375208;423.4754331;1107.456114;1337.827258;150.9276395;182.2602877;187.1154272;172.2953717;1310.798824;75.41499027;1549.02904;16053.96699;438.6765347;16497.26205;487.1692924;673.011662;956.0159062;409.2617969;2151.632704;2946.720385;2194.268469;307.7692105;405.149296;1084.355159;1362.677328;149.2791941;208.5904963;188.1407836;207.1987408;1274.835381;79.33433489;1648.995999;16734.40614;544.7567198;17279.16286
2021-Q3;468.9952003;726.4894044;910.6030966;444.1234197;2151.437348;3667.483533;2143.962442;305.0750479;425.7304575;1161.355156;1393.759012;175.3437862;211.3438277;207.6879508;144.6105765;1318.35033;78.23749916;1741.798819;17658.99625;532.0762062;18196.23594;492.2462251;641.5705687;979.3917262;424.0758844;2491.591744;3861.646108;2238.146051;309.8470173;407.3746904;1107.391408;1413.865836;173.220191;241.3363978;209.3335469;171.4667033;1279.742792;82.52020572;1831.472548;18356.23964;380.463052;18736.70269
2021-Q4;557.4420792;722.0042012;883.430568;424.908993;2664.805114;4722.61716;2354.932716;370.1159722;446.9642043;1172.272352;1481.430716;206.302026;175.6994288;231.219775;147.022885;1341.780872;74.4934818;2252.05473;20232.50881;533.5447732;20771.84219;583.5286663;663.7139556;999.1317854;436.199182;2976.382133;4929.665002;2412.824419;385.7268029;427.6989104;1187.958077;1503.338658;205.4919341;205.7959061;233.3819545;166.2817448;1301.895885;78.72135388;2344.76851;21042.50488;673.3933938;21715.89827
2023-Q1;430.3819316;721.9955306;985.8276801;411.7358984;3851.468977;3766.844437;2292.590662;309.9782905;420.016324;1076.19115;1224.005632;197.73969;167.6301194;202.0523326;289.2379644;1342.238227;76.45027802;1661.257512;19627.53011;460.592858;20092.65581;446.5207169;639.3365773;1065.153214;413.3294212;4432.124864;3908.813916;2400.083534;318.4977123;399.8104817;1202.887286;1268.813621;201.4389222;196.0778069;202.0231394;387.5114538;1304.867136;80.43072181;1770.90181;20638.62233;479.920163;21118.5425
2023-Q2;493.9075452;657.0512231;933.2130511;469.429035;2225.157847;3105.832109;2365.166433;336.5246044;456.9981531;1128.673006;1423.759955;162.6967315;181.1024718;210.4360349;193.9149561;1348.1303;79.34819795;1614.319882;17388.17888;454.01156;17846.70893;523.886934;618.0231113;1081.894581;468.1529304;2531.837554;3138.677197;2547.281409;352.3971332;435.4430332;1192.079172;1472.824661;170.17407;207.2798323;210.6059905;237.7690715;1309.125545;83.03627407;1738.809991;18319.29849;587.8316794;18907.13017
2023-Q3;509.798439;670.6336014;951.9360291;476.3129373;2594.75802;3940.527475;2362.753715;341.5670111;466.4531489;1164.05508;1426.657077;197.1374145;210.4435718;229.6994734;161.0470877;1353.308741;80.86126531;1779.61433;18955.59505;679.3371365;19641.87498;545.5853146;616.5192716;970.3086329;488.1757847;2954.69354;4134.006473;2611.761095;356.2801039;443.5478429;1222.166163;1528.082176;205.6055265;244.2115863;229.9061773;198.5527457;1323.835289;85.57419955;1923.120808;20081.93273;530.6717101;20612.60444
2023-Q4;545.0164352;533.4635507;864.3739678;445.5766347;2855.42742;4961.871948;2327.069432;372.6069547;481.4584129;1239.876717;1619.873536;221.6271066;177.7678794;246.692078;148.3368016;1377.367151;77.99275002;2313.380087;20878.39273;586.2714203;21470.53949;576.2422337;621.9919258;1032.372757;508.1512738;3293.69827;5331.865371;2712.423088;404.1452438;457.7577476;1259.15985;1606.398588;231.9279048;216.8766188;248.394572;170.5630303;1344.153063;83.93341524;2502.854162;22602.90911;575.4460931;23178.35521
2024-Q1;448.2921284;274.8559936;1005.510229;430.0413162;4095.544516;3855.319607;2300.696094;350.5277427;445.6302653;1146.255938;1310.307289;207.9896669;163.748885;216.7752795;303.1997222;1384.239852;80.63615464;1698.663713;19945.64135;501.7114631;20456.85129;490.1614706;255.132779;1070.771018;431.6591316;4627.902189;4005.732126;2451.669967;364.2503321;427.0009954;1260.573049;1383.874948;216.9692492;200.5831601;210.5372333;388.0650655;1347.594985;87.59996928;1837.143377;21057.22105;628.439398;21685.66044
2024-Q2;519.5648303;184.978166;954.0294869;472.6242532;2366.990473;3236.390328;2429.321181;363.2434098;472.9918528;1226.719943;1528.92541;170.3068568;190.6314413;230.1272601;202.1945531;1391.567148;81.87394917;1670.086188;17775.64336;455.2188665;18238.84512;589.4513062;177.7368177;1108.732924;502.8784794;2660.943605;3307.898325;2805.78796;400.3698609;438.3491177;1239.455515;1587.090295;182.4757092;213.8951919;232.4862275;267.1654919;1355.533142;90.41553408;1831.189117;18991.85462;528.1621351;19520.01676
2024-Q3;549.9887684;106.1638108;973.3612638;517.0161572;2668.962828;4211.083352;2519.509;350.5335417;489.4241642;1215.829775;1501.822893;205.840035;231.632957;252.1664554;167.5884591;1395.691828;83.69091942;1814.401253;19354.25227;686.9348336;20038.47951;632.9511371;133.3897343;998.8785974;522.6168666;3055.052384;4428.454867;2730.418401;377.8660074;463.5294415;1249.043408;1567.021238;212.1992399;265.9369668;246.7657491;201.6620714;1367.654588;94.5618972;1974.018102;20522.0207;469.2267034;20991.2474
2024-Q4;606.7310858;460.5298865;898.1872909;472.7637573;2917.083275;5363.518393;2515.88903;406.3593257;531.4871085;1270.56511;1687.808276;230.955747;179.7129414;260.7548158;153.8976591;1419.323568;83.06777923;2381.544127;21893.79016;590.9957116;22492.81166;664.2714986;420.8183131;1085.246688;536.3521043;3374.714793;5764.437399;3034.848837;450.0589391;482.2618569;1260.201645;1760.068125;245.3578672;221.0957453;257.7161863;174.2709781;1390.330552;92.05053511;2571.617447;23785.71951;574.9119799;24360.63149
2025-Q1;473.5372869;282.553631;1028.749136;449.7953178;4169.972034;3963.517973;2849.23309;362.7106009;452.9533998;1233.423023;1392.201674;212.7414483;164.3368191;220.2488316;310.8072851;1421.108189;83.42109349;1721.842264;21026.92634;509.5465925;21524.03588;538.618707;257.7818387;1098.530617;439.7534143;4664.994421;4151.647941;3151.335555;385.2054012;423.7591498;1273.296159;1477.196336;224.6798271;202.9298478;210.081696;397.2272361;1389.751748;90.68576311;1877.334939;22254.8106;651.8551471;22906.66574
2025-Q2;502.97899;190.3893378;968.1367549;490.0656468;2420.498748;3306.845172;2686.527401;371.4800393;482.7297774;1296.793658;1580.926583;174.517536;191.9283511;222.4863918;207.0590811;1429.12068;84.66576888;1668.646833;18377.88086;478.569783;18864.90927;610.0063093;183.5937112;1123.617494;541.9780907;2724.074243;3405.682547;3137.592349;418.6543851;440.2803608;1199.422687;1641.707843;188.74207;216.4872268;226.9047602;273.2001513;1395.631037;93.47505268;1824.767177;19645.8175;558.1133847;20203.93088
2025-Q3;520.2548204;108.4024154;961.0395284;519.4256434;2738.37145;4393.587116;2698.225455;381.8267531;505.1454842;1277.784756;1568.797424;211.5044262;232.8846201;263.1157737;171.9386487;1435.426405;86.42786394;1896.412012;20080.61504;746.5703918;20819.44939;642.4830698;137.1837727;980.2112093;528.6658689;3123.896091;4599.702768;3022.94476;421.0861105;478.2704467;1293.618016;1635.575578;219.5352093;266.9303171;257.7474188;206.5585704;1410.11853;97.64582094;2066.706764;21388.88032;516.4515296;21905.33185
2025-Q4;581.9294948;479.3577763;915.5444825;504.3417734;3046.467676;5623.452964;2777.198065;426.8995412;550.5959667;1331.633219;1744.148794;237.6151143;184.9339683;272.3505365;159.083434;1459.836215;85.85458625;2432.474628;22879.93006;654.1421467;23565.17454;675.7180542;436.5266057;1100.083596;578.1549892;3512.027075;6077.106683;3374.849353;486.3843288;499.9648369;1354.527729;1819.744226;255.7026716;230.3286635;271.2936192;180.0869192;1433.20097;95.26109395;2647.761798;25028.72321;654.1364638;25682.85968
2026-Q1;453.1787012;298.6470517;1064.085746;462.2336112;4443.133359;4219.00767;3082.59638;380.4919589;465.1468414;1225.788971;1450.031907;220.6032639;167.1936082;225.6812286;326.8140623;1459.226767;85.35518685;1762.683126;21995.78913;571.7191371;22556.45761;537.6699326;275.2913598;1147.48305;456.7057273;4982.570557;4457.869964;3299.45379;405.6033045;441.8700169;1332.310137;1539.880352;235.3586461;208.8945139;217.0142327;418.7102152;1421.156455;95.502057;1940.552582;23413.89689;760.4575192;24174.35441
2026-Q2;551.2123605;192.5674689;1005.361076;526.5957633;2451.281444;3689.901841;3029.98491;383.4345441;473.9337941;1324.645184;1634.442433;176.6805553;197.9020216;230.4837252;209.4653493;1468.261139;86.41019091;1726.758065;19472.25923;533.316032;20069.20077;674.3087037;191.989534;1177.762825;584.8075758;2853.892292;4014.163102;3585.961454;433.4471346;442.0046712;1279.825396;1727.510927;196.1438639;226.7886936;238.2045584;285.8428668;1430.94178;95.48763499;1936.312457;21375.39547;633.7189698;22009.11444
